Temp,I,J,K,L,R,S
39.67,80.85751,35.57711,257.87576,115.02884,3267.54126,1093.51758
39.67,79.19035,35.57711,257.87576,115.02884,3264.2002,1090.43726
39.33,79.19035,35.57711,257.87576,115.02884,3260.85913,1088.38367
39.33,79.19035,35.19456,258.49713,115.02884,3255.29077,1087.35693
39.67,78.77355,35.19456,259.73993,115.97949,3246.38135,1084.27649
39.67,79.19035,35.19456,259.73993,115.97949,3243.04028,1085.30334
39.67,79.19035,35.19456,259.73993,116.93015,3239.69922,1082.22302
39.33,78.35677,35.19456,260.3613,115.97949,3233.01709,1082.22302
39.67,78.35677,35.19456,260.3613,115.97949,3236.35815,1081.19617
39.33,78.35677,35.19456,260.9827,115.97949,3233.01709,1081.19617
39.33,78.35677,35.19456,260.3613,115.97949,3228.5625,1080.16943
39.33,78.35677,35.19456,260.3613,116.93015,3225.22144,1080.16943
39.33,77.93997,35.19456,260.3613,116.93015,3219.65308,1078.11584
40.0,77.93997,35.19456,260.3613,116.93015,3221.88037,1079.1427
39.67,77.93997,35.19456,261.60406,116.93015,3216.31201,1078.11584
39.67,78.35677,35.19456,260.9827,116.93015,3209.62988,1078.11584
39.67,78.35677,35.19456,260.9827,116.93015,3208.51611,1076.06238
40.0,77.52318,34.81201,260.9827,116.93015,3201.83423,1076.06238
39.67,77.93997,35.19456,260.9827,116.93015,3197.37939,1072.98206
39.33,77.93997,35.19456,261.60406,116.93015,3188.46997,1072.98206
39.33,77.52318,35.19456,260.9827,116.93015,3187.3562,1071.9552
39.33,77.93997,34.81201,262.22546,116.93015,3178.44678,1071.9552
39.33,77.52318,35.19456,261.60406,116.93015,3175.10571,1070.92847
39.33,78.35677,35.19456,261.60406,116.93015,3169.53735,1070.92847
39.67,78.35677,34.81201,261.60406,116.93015,3167.31006,1069.90161
39.33,77.52318,34.81201,261.60406,116.93015,3165.08252,1069.90161
39.33,77.52318,34.81201,262.22546,116.93015,3158.40063,1068.87488
39.67,77.10639,34.81201,262.22546,116.93015,3150.60474,1066.82129
39.33,76.6896,34.42946,262.84686,117.8808,3138.35425,1063.74097
39.33,76.2728,34.42946,262.84686,117.8808,3140.58154,1063.74097
39.67,76.2728,34.42946,262.84686,117.8808,3146.15015,1064.76782
39.67,76.6896,34.42946,262.84686,117.8808,3140.58154,1063.74097
39.33,76.2728,34.42946,262.84686,116.93015,3141.69531,1063.74097
39.33,76.2728,34.04691,262.22546,116.93015,3147.26367,1064.76782
39.67,75.85602,34.42946,262.22546,116.93015,3141.69531,1063.74097
39.33,76.2728,34.42946,262.22546,117.8808,3137.24072,1063.74097
39.67,76.2728,34.42946,262.84686,117.8808,3139.46802,1062.71423
39.33,75.85602,34.04691,262.84686,116.93015,3147.26367,1062.71423
40.0,75.85602,34.04691,262.22546,116.93015,3147.26367,1063.74097
39.67,75.85602,34.04691,262.84686,117.8808,3142.80908,1062.71423
39.67,75.85602,34.04691,262.84686,117.8808,3140.58154,1062.71423
39.33,75.43922,34.04691,262.84686,117.8808,3141.69531,1061.6875
39.67,75.43922,34.04691,263.46823,117.8808,3138.35425,1061.6875
39.33,75.43922,34.04691,262.84686,117.8808,3140.58154,1061.6875
39.67,75.43922,34.04691,263.46823,117.8808,3137.24072,1061.6875
39.33,75.43922,34.04691,264.08963,117.8808,3130.55859,1059.63391
39.33,75.02243,34.04691,263.46823,117.8808,3133.89966,1060.66064
40.0,75.02243,34.04691,263.46823,117.8808,3130.55859,1060.66064
39.67,75.43922,34.04691,264.08963,117.8808,3119.42163,1057.58032
39.67,75.43922,34.04691,264.08963,118.83145,3113.85327,1057.58032
39.67,74.60564,33.66436,264.08963,118.83145,3114.96704,1056.55359
39.67,74.60564,33.66436,264.71103,118.83145,3113.85327,1056.55359
39.67,75.02243,33.66436,264.71103,118.83145,3112.7395,1056.55359
39.67,74.60564,33.66436,264.71103,118.83145,3113.85327,1056.55359
39.67,75.02243,33.66436,264.71103,118.83145,3109.39868,1054.5
39.67,75.02243,33.66436,264.71103,118.83145,3103.83008,1055.52673
39.67,75.02243,33.66436,264.71103,118.83145,3110.51221,1056.55359
39.67,75.02243,33.66436,264.71103,118.83145,3107.17114,1054.5
39.67,75.02243,33.66436,264.71103,118.83145,3104.94385,1054.5
39.33,75.02243,33.66436,264.71103,118.83145,3111.62598,1054.5
39.67,74.60564,33.66436,264.71103,118.83145,3109.39868,1055.52673
39.67,74.60564,33.66436,264.71103,118.83145,3110.51221,1056.55359
40.0,74.60564,33.66436,264.71103,118.83145,3109.39868,1056.55359
39.67,75.02243,33.66436,264.71103,118.83145,3112.7395,1056.55359
40.0,74.60564,33.66436,265.3324,118.83145,3114.96704,1057.58032
39.67,74.60564,33.66436,264.71103,118.83145,3120.5354,1057.58032
40.0,74.60564,33.66436,264.71103,118.83145,3117.19434,1058.60718
39.33,75.02243,33.66436,265.3324,118.83145,3109.39868,1056.55359
39.67,75.02243,33.66436,265.3324,118.83145,3116.08057,1056.55359
39.67,74.18885,33.66436,264.71103,118.83145,3126.10376,1058.60718
39.67,74.18885,33.66436,264.71103,118.83145,3123.87646,1058.60718
39.67,74.18885,33.66436,264.71103,118.83145,3119.42163,1058.60718
39.67,74.60564,33.66436,264.71103,118.83145,3111.62598,1058.60718
39.67,74.18885,33.66436,265.3324,118.83145,3112.7395,1057.58032
39.67,74.60564,33.66436,264.71103,118.83145,3110.51221,1056.55359
39.67,74.60564,33.66436,265.3324,118.83145,3101.60278,1055.52673
39.67,74.18885,33.66436,265.3324,118.83145,3103.83008,1056.55359
40.0,74.18885,33.66436,265.3324,118.83145,3100.48901,1056.55359
39.67,74.18885,33.66436,265.9538,118.83145,3097.14819,1055.52673
39.67,74.18885,33.66436,265.9538,118.83145,3088.23853,1053.47327
39.67,74.18885,33.28181,265.9538,118.83145,3089.35229,1053.47327
39.33,73.77206,33.28181,265.9538,119.7821,3082.67017,1052.44641
39.67,73.35527,33.28181,265.9538,119.7821,3074.87451,1052.44641
39.67,73.35527,33.28181,265.9538,119.7821,3070.41968,1050.39294
39.67,73.77206,33.66436,266.57516,119.7821,3072.64697,1050.39294
39.67,73.35527,33.28181,266.57516,119.7821,3070.41968,1051.41968
39.67,73.35527,33.28181,266.57516,119.7821,3065.96509,1049.36609
39.67,73.77206,33.28181,266.57516,119.7821,3057.05542,1048.33936
39.67,73.77206,33.28181,266.57516,119.7821,3055.94189,1046.28577
39.67,73.35527,33.28181,267.19656,119.7821,3051.48706,1046.28577
39.67,73.35527,33.28181,267.19656,119.7821,3052.60083,1046.28577
40.0,73.35527,32.89926,267.19656,119.7821,3054.82812,1046.28577
39.67,72.93848,33.28181,267.19656,119.7821,3057.05542,1047.31262
39.33,73.35527,33.28181,267.19656,119.7821,3053.7146,1047.31262
39.67,73.35527,32.89926,267.19656,119.7821,3051.48706,1047.31262
39.67,72.93848,32.89926,267.19656,119.7821,3055.94189,1046.28577
40.0,72.93848,32.89926,267.19656,119.7821,3054.82812,1048.33936
39.67,72.93848,32.89926,267.19656,119.7821,3058.16919,1046.28577
39.67,72.93848,32.89926,267.19656,119.7821,3053.7146,1047.31262
39.67,72.93848,32.89926,267.81796,119.7821,3052.60083,1046.28577
39.67,72.93848,32.89926,267.19656,120.73275,3052.60083,1047.31262
40.0,72.93848,32.89926,267.81796,120.73275,3047.03247,1047.31262
40.0,72.93848,32.89926,267.81796,120.73275,3051.48706,1046.28577
39.67,72.93848,32.89926,267.81796,120.73275,3050.37354,1047.31262
39.67,73.35527,32.89926,267.81796,120.73275,3047.03247,1046.28577
40.0,72.93848,32.89926,267.81796,120.73275,3052.60083,1045.25903
39.67,72.93848,32.89926,267.19656,119.7821,3069.30615,1050.39294
39.67,72.93848,32.89926,267.19656,119.7821,3065.96509,1050.39294
39.67,73.35527,32.89926,267.81796,120.73275,3058.16919,1049.36609
39.33,73.35527,33.28181,267.19656,119.7821,3052.60083,1048.33936
39.67,73.35527,33.28181,267.19656,120.73275,3055.94189,1047.31262
39.67,73.35527,33.28181,267.81796,120.73275,3052.60083,1046.28577
39.67,73.77206,33.28181,267.81796,119.7821,3051.48706,1045.25903
39.67,73.35527,33.28181,267.81796,120.73275,3043.69141,1046.28577
39.67,73.35527,33.28181,267.81796,120.73275,3049.25977,1045.25903
39.33,73.35527,33.28181,267.81796,120.73275,3045.9187,1044.23218
39.67,73.77206,33.28181,268.43933,120.73275,3042.57764,1041.15186
39.67,73.35527,33.28181,268.43933,120.73275,3043.69141,1044.23218
40.0,73.35527,33.28181,267.81796,120.73275,3042.57764,1045.25903
40.0,73.35527,32.89926,268.43933,120.73275,3044.80493,1043.20544
40.0,72.93848,33.28181,267.81796,120.73275,3045.9187,1043.20544
39.67,73.35527,33.28181,268.43933,120.73275,3043.69141,1043.20544
39.67,73.77206,33.28181,268.43933,120.73275,3044.80493,1044.23218
39.67,73.35527,33.28181,268.43933,120.73275,3041.46411,1044.23218
39.67,73.35527,32.89926,268.43933,120.73275,3038.12305,1043.20544
39.67,73.35527,33.28181,269.06073,120.73275,3021.41772,1042.17871
39.67,73.35527,32.89926,269.06073,120.73275,3011.39453,1038.07153
39.67,72.93848,32.89926,269.06073,120.73275,3012.5083,1037.0448
39.67,72.52168,32.89926,269.06073,120.73275,3010.28101,1037.0448
39.67,72.93848,32.89926,269.06073,120.73275,3003.59888,1037.0448
39.67,72.52168,32.89926,269.68213,121.6834,3006.93994,1036.01807
40.0,72.1049,32.89926,269.68213,121.6834,3009.16724,1037.0448
40.0,72.52168,32.89926,269.06073,121.6834,3006.93994,1036.01807
39.67,72.1049,32.89926,269.06073,120.73275,3018.07666,1038.07153
40.0,72.1049,32.89926,269.06073,121.6834,3008.05347,1036.01807
39.67,72.52168,32.89926,269.68213,121.6834,3001.37158,1034.99121
39.67,72.1049,32.89926,269.68213,121.6834,3005.82617,1034.99121
40.0,72.1049,32.89926,269.68213,121.6834,3009.16724,1036.01807
39.67,72.1049,32.51671,270.3035,121.6834,3010.28101,1037.0448
40.0,72.1049,32.89926,270.3035,121.6834,3012.5083,1036.01807
39.67,72.1049,32.89926,269.68213,121.6834,3009.16724,1037.0448
40.0,72.52168,32.89926,270.3035,121.6834,3009.16724,1036.01807
39.67,72.52168,32.89926,270.3035,121.6834,3011.39453,1034.99121
39.67,72.52168,32.89926,270.3035,121.6834,3011.39453,1034.99121
39.67,72.52168,32.89926,270.3035,121.6834,3005.82617,1034.99121
39.67,72.93848,32.89926,270.3035,121.6834,3005.82617,1033.96448
40.0,72.1049,32.51671,270.3035,121.6834,3014.7356,1036.01807
39.67,72.52168,32.89926,270.3035,121.6834,3011.39453,1037.0448
39.67,72.52168,32.89926,270.3035,121.6834,3005.82617,1036.01807
40.0,72.93848,32.89926,270.3035,121.6834,3006.93994,1033.96448
39.67,72.93848,32.51671,270.3035,121.6834,3009.16724,1033.96448
39.67,72.52168,32.89926,270.3035,121.6834,3011.39453,1034.99121
39.67,72.93848,32.89926,270.3035,121.6834,3006.93994,1034.99121
39.67,73.35527,32.89926,270.9249,121.6834,2996.91675,1032.93774
40.0,72.93848,32.89926,270.3035,121.6834,2999.14404,1030.88416
40.0,72.52168,32.51671,270.3035,121.6834,3009.16724,1033.96448
39.67,72.1049,32.89926,270.9249,121.6834,3010.28101,1034.99121
39.67,72.52168,32.89926,270.3035,121.6834,2998.03052,1033.96448
40.0,72.93848,32.89926,270.3035,121.6834,2992.46191,1030.88416
39.67,72.52168,32.51671,270.9249,121.6834,2990.23462,1029.8573
40.0,72.1049,32.51671,270.9249,121.6834,2990.23462,1031.91089
40.0,72.52168,32.89926,270.9249,122.63406,2986.89355,1029.8573
39.67,72.52168,32.89926,271.54626,122.63406,2979.0979,1027.80383
39.67,72.52168,32.51671,271.54626,121.6834,2980.21143,1027.80383
39.67,72.52168,32.89926,270.9249,122.63406,2980.21143,1028.83057
39.67,72.52168,32.51671,270.9249,121.6834,2981.3252,1027.80383
40.0,72.1049,32.51671,270.9249,121.6834,2988.00732,1028.83057
39.67,72.1049,32.89926,270.9249,121.6834,2982.43896,1028.83057
39.67,72.52168,32.89926,271.54626,122.63406,2980.21143,1028.83057
39.67,72.52168,32.89926,271.54626,122.63406,2977.98413,1026.77698
39.67,72.52168,32.89926,272.16766,122.63406,2971.302,1026.77698
40.0,72.1049,32.51671,271.54626,122.63406,2982.43896,1027.80383
39.67,72.1049,32.89926,271.54626,122.63406,2976.87036,1027.80383
39.67,72.52168,32.89926,271.54626,122.63406,2975.75684,1026.77698
39.67,72.93848,32.89926,272.16766,122.63406,2975.75684,1025.75024
39.67,72.52168,32.89926,272.16766,122.63406,2975.75684,1025.75024
39.67,72.1049,32.89926,271.54626,121.6834,2988.00732,1026.77698
39.67,72.1049,32.51671,271.54626,122.63406,2980.21143,1027.80383
39.67,72.52168,32.89926,271.54626,122.63406,2977.98413,1026.77698
39.67,72.52168,32.51671,272.16766,122.63406,2970.18848,1024.72351
39.67,72.1049,32.51671,272.16766,122.63406,2961.27905,1023.69672
39.67,71.27131,32.51671,271.54626,122.63406,2967.96094,1023.69672
39.67,72.1049,32.51671,272.16766,122.63406,2955.71045,1022.66992
39.67,71.27131,32.13416,271.54626,122.63406,2953.48315,1022.66992
39.67,71.27131,32.51671,271.54626,122.63406,2949.02832,1018.56281
39.67,72.1049,32.51671,272.78906,122.63406,2934.55054,1016.50928
39.67,71.6881,32.13416,271.54626,122.63406,2923.41382,1016.50928
39.67,70.85452,32.13416,271.54626,122.63406,2931.20947,1014.45569
40.0,70.85452,32.13416,272.16766,122.63406,2930.09595,1015.48248
39.67,71.27131,32.51671,272.16766,122.63406,2911.16333,1014.45569
39.67,71.27131,32.13416,272.16766,122.63406,2917.84546,1012.40216
39.67,70.43773,32.13416,272.16766,122.63406,2928.98218,1014.45569
40.0,70.85452,32.51671,272.16766,122.63406,2920.07275,1016.50928
39.67,71.6881,32.13416,272.78906,122.63406,2900.02637,1011.37537
39.67,70.85452,32.13416,272.16766,122.63406,2914.50439,1012.40216
39.67,70.43773,32.13416,271.54626,122.63406,2920.07275,1013.42896
39.67,71.27131,32.13416,272.16766,122.63406,2885.54858,1011.37537
40.0,70.43773,32.13416,272.16766,122.63406,2892.23071,1006.24152
39.67,70.43773,32.13416,272.16766,122.63406,2903.36743,1008.29504
39.67,70.02094,32.13416,272.16766,122.63406,2903.36743,1009.32184
39.67,70.02094,32.13416,272.16766,122.63406,2898.91284,1010.34857
39.67,70.85452,32.51671,272.16766,122.63406,2902.25391,1008.29504
39.67,72.1049,32.51671,272.78906,122.63406,2898.91284,1009.32184
39.67,70.43773,32.13416,272.16766,122.63406,2917.84546,1012.40216
39.67,70.02094,32.13416,271.54626,122.63406,2918.95898,1015.48248
39.67,70.43773,32.13416,272.16766,122.63406,2886.66235,1011.37537
39.67,70.43773,32.13416,272.78906,122.63406,2890.00342,1004.18793
39.67,70.02094,32.13416,272.78906,122.63406,2888.88965,1008.29504
39.67,70.43773,32.13416,272.16766,122.63406,2886.66235,1006.24152
39.67,69.60415,31.75161,272.78906,122.63406,2932.32324,1002.1344
39.67,68.35378,32.51671,270.9249,122.63406,2912.27686,1020.61639
39.67,69.60415,31.75161,270.9249,121.6834,2924.52734,1013.42896
39.67,69.60415,32.13416,270.9249,121.6834,2893.34448,1010.34857
39.67,69.60415,31.75161,270.3035,121.6834,2892.23071,1007.26825
39.67,68.77056,31.36906,270.3035,121.6834,2894.45801,1006.24152
39.67,68.77056,31.36906,269.68213,120.73275,2908.93579,1008.29504
39.67,69.60415,31.75161,269.68213,120.73275,2893.34448,1008.29504
39.67,69.60415,31.36906,269.68213,121.6834,2871.0708,1004.18793
39.67,69.60415,31.75161,269.68213,121.6834,2855.47925,998.02728
39.67,70.02094,31.75161,269.68213,121.6834,2847.68335,997.00049
40.0,69.18736,31.36906,269.68213,121.6834,2868.84326,1001.1076
39.67,69.60415,31.75161,270.3035,121.6834,2862.16138,995.97369
39.67,69.60415,31.36906,270.3035,120.73275,2869.95703,1000.08081
39.67,69.18736,31.36906,269.68213,120.73275,2855.47925,1004.18793
39.67,69.18736,30.98651,269.06073,120.73275,2865.50244,1003.16113
39.67,68.77056,30.98651,269.06073,120.73275,2868.84326,1001.1076
39.67,68.35378,30.98651,269.06073,120.73275,2876.63916,1006.24152
39.67,68.77056,31.36906,268.43933,121.6834,2875.52539,1007.26825
40.0,68.35378,30.98651,269.06073,120.73275,2875.52539,1008.29504
39.67,68.35378,30.98651,268.43933,121.6834,2876.63916,1008.29504
40.0,68.77056,31.36906,269.06073,121.6834,2876.63916,1009.32184
40.33,68.77056,31.36906,269.06073,121.6834,2865.50244,1005.21472
40.33,68.77056,30.98651,269.06073,121.6834,2855.47925,1003.16113
39.67,69.60415,31.36906,269.06073,121.6834,2858.82031,1003.16113
39.67,69.18736,31.36906,269.06073,121.6834,2862.16138,1002.1344
39.67,69.60415,30.98651,269.06073,121.6834,2853.25195,1001.1076
39.67,68.77056,30.98651,269.68213,121.6834,2847.68335,1003.16113
39.67,68.77056,30.98651,269.06073,121.6834,2855.47925,1003.16113
39.67,68.77056,31.36906,269.06073,121.6834,2849.91089,1003.16113
39.67,68.77056,31.36906,269.06073,121.6834,2842.11499,999.05408
39.67,68.77056,30.98651,269.06073,121.6834,2842.11499,1000.08081
39.67,69.18736,30.98651,269.06073,121.6834,2837.6604,997.00049
39.67,68.77056,30.98651,269.06073,121.6834,2827.63721,998.02728
39.67,69.18736,31.36906,269.06073,121.6834,2820.95508,992.89337
39.67,68.77056,30.98651,269.06073,121.6834,2816.50024,992.89337
39.67,68.35378,30.98651,269.06073,121.6834,2816.50024,992.89337
40.0,67.93698,30.98651,269.06073,121.6834,2820.95508,994.94696
39.67,68.35378,30.98651,269.06073,121.6834,2819.84131,992.89337
39.67,69.18736,30.98651,269.06073,121.6834,2832.0918,992.89337
40.0,67.52019,30.60396,268.43933,121.6834,2864.38867,1010.34857
39.67,68.35378,31.36906,269.68213,121.6834,2890.00342,1008.29504
39.67,69.18736,31.36906,268.43933,121.6834,2867.72974,1007.26825
39.67,68.35378,31.36906,269.68213,121.6834,2884.43481,1011.37537
39.67,68.77056,31.36906,269.06073,120.73275,2854.36548,1006.24152
39.67,68.77056,31.36906,268.43933,120.73275,2861.04761,1002.1344
39.67,68.77056,31.36906,268.43933,120.73275,2888.88965,1007.26825
39.67,69.18736,31.75161,267.81796,120.73275,2882.20752,1011.37537
39.67,69.18736,31.75161,268.43933,120.73275,2873.2981,1005.21472
39.67,69.60415,31.36906,267.81796,120.73275,2878.86646,1006.24152
39.67,69.60415,31.36906,268.43933,120.73275,2891.11694,1005.21472
40.0,70.02094,31.75161,267.81796,120.73275,2879.98022,1006.24152
40.0,70.02094,31.36906,267.81796,120.73275,2862.16138,1004.18793
39.67,69.18736,31.36906,267.81796,120.73275,2877.75293,1005.21472
40.0,69.18736,31.36906,268.43933,120.73275,2867.72974,1004.18793
40.33,69.18736,31.75161,267.81796,120.73275,2858.82031,1004.18793
40.0,69.60415,31.36906,268.43933,121.6834,2862.16138,1001.1076
40.0,69.60415,31.75161,268.43933,120.73275,2861.04761,1003.16113
40.0,70.02094,31.75161,268.43933,120.73275,2864.38867,1001.1076
39.67,70.43773,31.75161,268.43933,120.73275,2865.50244,1002.1344
39.67,70.85452,31.75161,267.81796,120.73275,2878.86646,1003.16113
40.0,70.43773,31.75161,267.81796,120.73275,2901.14014,1010.34857
39.67,70.02094,32.13416,268.43933,120.73275,2911.16333,1018.56281
39.67,70.43773,31.75161,267.81796,120.73275,2917.84546,1019.5896
39.67,70.85452,31.75161,267.81796,121.6834,2907.82227,1014.45569
39.67,71.27131,32.51671,267.81796,120.73275,2947.91479,1019.5896
40.0,72.52168,32.13416,267.81796,120.73275,2933.43701,1023.69672
39.67,71.27131,32.13416,267.19656,120.73275,2897.79907,1014.45569
39.67,70.85452,32.51671,267.19656,120.73275,2941.23267,1014.45569
39.67,72.93848,32.51671,266.57516,120.73275,2928.98218,1023.69672
40.0,71.6881,32.13416,267.19656,120.73275,2924.52734,1020.61639
39.67,72.52168,32.51671,267.19656,120.73275,2908.93579,1020.61639
40.33,72.52168,32.51671,266.57516,120.73275,2916.73169,1011.37537
40.0,72.93848,32.51671,265.9538,120.73275,2939.00537,1020.61639
39.67,74.18885,32.51671,266.57516,120.73275,2934.55054,1022.66992
39.67,72.93848,32.51671,266.57516,120.73275,2915.61792,1019.5896
40.0,72.93848,32.51671,267.19656,120.73275,2913.39062,1018.56281
39.67,72.52168,32.51671,266.57516,120.73275,2896.6853,1017.53601
40.33,72.52168,32.51671,266.57516,120.73275,2891.11694,1014.45569
39.67,72.1049,32.13416,266.57516,120.73275,2879.98022,1012.40216
39.67,71.6881,32.13416,266.57516,120.73275,2875.52539,1013.42896
40.0,72.1049,32.13416,266.57516,120.73275,2863.2749,1011.37537
40.0,72.1049,32.13416,267.19656,120.73275,2866.61597,1008.29504
39.67,72.52168,32.13416,266.57516,120.73275,2874.41187,1008.29504
39.67,71.6881,32.13416,267.19656,120.73275,2847.68335,1007.26825
40.0,70.85452,31.75161,267.19656,121.6834,2851.02441,1008.29504
40.0,70.85452,31.75161,267.19656,121.6834,2848.79712,1008.29504
39.67,71.27131,32.13416,266.57516,120.73275,2841.00122,1006.24152
39.67,71.27131,31.75161,266.57516,120.73275,2834.31934,1006.24152
40.0,71.6881,32.13416,266.57516,120.73275,2835.43286,1003.16113
40.0,71.6881,31.75161,266.57516,121.6834,2817.61401,1003.16113
39.67,71.6881,32.13416,266.57516,120.73275,2822.06885,1001.1076
39.67,71.27131,31.75161,266.57516,121.6834,2795.34033,999.05408
39.67,70.85452,31.75161,266.57516,120.73275,2799.79517,997.00049
39.67,71.27131,31.75161,266.57516,120.73275,2798.6814,999.05408
39.67,70.85452,31.75161,265.9538,120.73275,2791.99927,999.05408
40.33,70.85452,31.75161,266.57516,120.73275,2780.86255,997.00049
40.0,70.43773,31.36906,265.9538,120.73275,2778.63525,997.00049
40.0,70.85452,31.75161,265.9538,120.73275,2775.29419,994.94696
40.33,70.43773,31.36906,265.9538,120.73275,2766.38477,993.92017
39.67,70.43773,31.75161,265.9538,120.73275,2767.49829,991.86664
39.67,71.27131,31.75161,266.57516,120.73275,2776.40771,994.94696
40.0,70.85452,31.36906,266.57516,120.73275,2759.70264,992.89337
40.0,70.43773,31.36906,266.57516,120.73275,2760.81616,991.86664
39.67,70.43773,31.36906,266.57516,120.73275,2756.36157,992.89337
39.67,70.02094,31.36906,266.57516,120.73275,2750.79321,992.89337
40.0,70.02094,31.36906,266.57516,121.6834,2749.67944,991.86664
40.0,70.43773,31.36906,266.57516,120.73275,2753.02051,991.86664
40.0,70.02094,31.36906,266.57516,121.6834,2753.02051,992.89337
39.67,70.02094,30.98651,266.57516,120.73275,2741.88379,991.86664
39.67,69.60415,31.36906,266.57516,120.73275,2746.33838,991.86664
39.67,70.02094,30.98651,265.9538,121.6834,2749.67944,991.86664
39.67,69.60415,30.98651,265.9538,120.73275,2745.22485,992.89337
39.67,70.02094,31.36906,266.57516,120.73275,2758.58887,992.89337
39.67,70.02094,30.98651,266.57516,121.6834,2744.11108,994.94696
39.67,69.60415,31.36906,265.9538,120.73275,2755.2478,994.94696
39.67,70.43773,31.36906,265.9538,120.73275,2760.81616,997.00049
39.67,69.60415,30.98651,266.57516,121.6834,2749.67944,997.00049
40.0,69.60415,30.98651,266.57516,121.6834,2746.33838,994.94696
40.0,69.18736,30.98651,267.19656,121.6834,2738.54272,993.92017
40.0,69.18736,30.98651,267.19656,121.6834,2739.65625,992.89337
40.33,69.60415,30.98651,267.19656,121.6834,2736.31519,991.86664
40.0,69.60415,30.98651,267.19656,121.6834,2737.42896,991.86664
40.33,70.02094,31.36906,267.19656,121.6834,2747.45215,992.89337
40.0,70.02094,31.36906,267.81796,121.6834,2750.79321,994.94696
40.0,70.43773,30.98651,267.81796,121.6834,2750.79321,997.00049
39.67,70.02094,31.36906,267.81796,121.6834,2754.13428,995.97369
39.67,70.02094,31.36906,267.81796,121.6834,2757.47534,998.02728
39.67,70.02094,31.36906,267.81796,121.6834,2764.15723,999.05408
39.67,70.02094,30.98651,268.43933,122.63406,2754.13428,999.05408
39.67,69.60415,30.98651,268.43933,122.63406,2748.56567,995.97369
40.0,69.60415,31.36906,268.43933,122.63406,2757.47534,994.94696
40.33,70.02094,31.36906,269.06073,122.63406,2758.58887,997.00049
40.0,70.02094,31.36906,269.06073,122.63406,2761.92993,998.02728
39.67,70.02094,31.36906,269.68213,122.63406,2776.40771,1002.1344
39.67,70.43773,31.36906,269.06073,122.63406,2775.29419,1003.16113
39.67,70.43773,31.36906,269.06073,122.63406,2788.6582,1003.16113
39.67,70.43773,31.36906,269.68213,122.63406,2794.22681,1008.29504
40.0,70.43773,31.36906,269.68213,122.63406,2795.34033,1008.29504
39.67,70.43773,31.36906,270.3035,123.58471,2808.70459,1011.37537
39.67,70.43773,31.36906,270.3035,123.58471,2803.13623,1009.32184
40.0,70.85452,31.36906,270.3035,123.58471,2794.22681,1009.32184
40.0,70.85452,31.75161,270.9249,123.58471,2806.47729,1009.32184
39.67,70.85452,31.36906,270.3035,123.58471,2803.13623,1010.34857
39.67,71.27131,31.75161,270.3035,123.58471,2818.72778,1009.32184
40.0,71.27131,31.36906,270.9249,123.58471,2815.38672,1014.45569
40.0,69.60415,31.36906,270.9249,123.58471,2803.13623,1012.40216
40.0,69.60415,31.36906,271.54626,123.58471,2806.47729,1010.34857
40.0,70.43773,31.36906,271.54626,123.58471,2808.70459,1012.40216
40.0,70.85452,31.75161,270.9249,123.58471,2814.27295,1012.40216
39.67,71.27131,31.75161,270.3035,123.58471,2822.06885,1012.40216
39.67,70.85452,31.36906,270.9249,123.58471,2822.06885,1015.48248
40.0,70.85452,31.75161,270.9249,123.58471,2828.75073,1015.48248
40.33,71.27131,31.75161,270.3035,123.58471,2837.6604,1015.48248
39.67,70.85452,31.36906,270.9249,123.58471,2847.68335,1019.5896
40.0,70.85452,31.36906,270.3035,123.58471,2834.31934,1018.56281
39.67,70.85452,31.36906,270.3035,123.58471,2845.45605,1017.53601
39.67,70.85452,31.36906,270.9249,123.58471,2839.8877,1019.5896
39.67,70.85452,31.36906,270.9249,123.58471,2833.20557,1018.56281
40.0,70.85452,31.36906,270.3035,123.58471,2828.75073,1016.50928
40.0,71.27131,31.36906,270.9249,123.58471,2820.95508,1017.53601
39.67,71.27131,31.36906,270.9249,123.58471,2828.75073,1016.50928
39.67,71.6881,31.36906,270.9249,123.58471,2833.20557,1018.56281
40.33,71.27131,31.36906,270.9249,123.58471,2830.97827,1018.56281
40.0,71.6881,31.75161,270.9249,123.58471,2830.97827,1019.5896
40.33,71.27131,31.36906,270.9249,123.58471,2822.06885,1016.50928
40.0,70.85452,31.36906,270.9249,123.58471,2822.06885,1016.50928
40.0,71.6881,31.75161,270.9249,123.58471,2833.20557,1016.50928
40.0,71.6881,31.75161,271.54626,124.53535,2836.54663,1019.5896
40.0,71.6881,31.75161,270.9249,123.58471,2829.8645,1018.56281
40.0,72.1049,31.75161,270.9249,123.58471,2833.20557,1019.5896
39.67,72.1049,31.75161,271.54626,123.58471,2842.11499,1021.64313
39.67,72.1049,31.75161,270.9249,123.58471,2836.54663,1020.61639
39.67,71.6881,31.75161,271.54626,123.58471,2830.97827,1019.5896
40.0,72.1049,31.75161,271.54626,123.58471,2836.54663,1021.64313
39.67,72.1049,32.13416,271.54626,123.58471,2839.8877,1021.64313
39.67,72.52168,32.13416,271.54626,123.58471,2841.00122,1022.66992
40.0,72.1049,31.75161,272.16766,124.53535,2842.11499,1022.66992
40.33,72.1049,32.13416,271.54626,124.53535,2846.56982,1022.66992
40.0,72.52168,32.13416,271.54626,124.53535,2855.47925,1023.69672
39.67,72.93848,32.13416,272.78906,124.53535,2851.02441,1024.72351
40.0,72.52168,32.13416,272.78906,124.53535,2854.36548,1022.66992
40.33,72.93848,32.13416,272.78906,124.53535,2856.59277,1024.72351
39.67,72.52168,32.13416,272.78906,124.53535,2855.47925,1025.75024
39.67,72.52168,31.75161,272.78906,124.53535,2848.79712,1023.69672
39.67,72.52168,32.13416,272.78906,125.48601,2838.77393,1021.64313
40.0,72.52168,31.75161,273.41043,124.53535,2837.6604,1020.61639
39.67,72.52168,32.13416,272.78906,124.53535,2847.68335,1021.64313
40.0,72.93848,32.13416,273.41043,124.53535,2858.82031,1024.72351
39.67,72.93848,32.13416,273.41043,124.53535,2866.61597,1024.72351
39.67,73.35527,32.13416,272.78906,124.53535,2879.98022,1026.77698
